metric,value
ARI,0.05568990030007582
Homogeneity,0.06920609432413673
Completeness,0.04320442177374188
V-Measure,0.05319803506443992
