metric,value
accuracy,0.7325
precision_fit(1),0.7054263565891473
recall_fit(1),0.56875
f1_fit(1),0.629757785467128
precision_notfit(0),0.7453874538745388
recall_notfit(0),0.8416666666666667
f1_notfit(0),0.7906066536203522
f1_macro,0.7101822195437402
balanced_accuracy,0.7052083333333333
roc_auc,0.8003385416666665
